,filename,predicted_disease_label,predicted_body_location,predicted_caption,ground_truth_disease_label,ground_truth_body_location,ground_truth_caption
FALSE,youtube/nSw7XdNR0bg_frame_35881_3.jpg,Acne vulgaris,Face,"The image shows multiple acne lesions on the face, including red papules and pustules, indicative of acne vulgaris. The lesions are distributed across the skin surface, with some areas showing inflammation and possible cystic formations.",vasculitis,"ear, nose","This image depicts Veckus syndrome, a predominantly male disease characterized by clinical diagnoses such as relapsing polychondritis, neutrophilic dermatoses, and forms of vasculitis. It causes subtle chondritis in the ear and nose, often without permanent damage."
FALSE,youtube/7SJ--nNILsI_frame_160_0_0.jpg,Seborrheic Keratosis,Not specified in the image,"The image shows a well-demarcated, raised lesion with a rough, waxy surface and a brownish-orange color. The lesion appears to have a slightly irregular texture with visible blood vessels and a velvety appearance, characteristic of seborrheic keratosis.",allergic contact dermatitis,"nose, face","This image shows a close-up view of a person's face with a red, itchy rash covering their cheeks and nose. The rash appears to be caused by an allergic reaction to a specific trigger, such as an allergen found in food or environmental pollutants. Treatment options include avoiding the allergen, using over-the-counter creams to reduce inflammation and itching, and consulting a dermatologist for prescription medications if the rash persists."
FALSE,pubmed/19_1d_PMC6755624_10.1177_2324709619877050_fig1_2.png,Sebaceous Cyst,Knees,"The image shows two raised, round lesions on the knees. These lesions appear to be sebaceous cysts, which are closed sacs under the skin that are filled with a pale, semi-solid material. They are typically non-painful and can vary in size. The skin around the cysts appears normal without signs of inflammation or infection.",eruptive xanthoma,No body location information,Tuberoeruptive xanthomas observed on the knees and elbows of the patient.
FALSE,pubmed/3b_fd_PMC8024261_41467_2021_22340_Fig1_HTML_10.jpg,None,Skull,The image is a radiograph showing the skull and upper cervical spine. There are no visible skin conditions or abnormalities on the skin surface in this X-ray image.,no definitive diagnosis,No body location information,Pedigree of Family C shows the occurrence of a previously unknown type of skeletal dysplasia associated with recessive TMEM53 variants.
FALSE,pubmed/98_a8_PMC9907656_SRT-28-357-g001_0.jpg,Melasma,Face,"The image shows a symmetrical pattern of hyperpigmentation on the face, characterized by brown patches. This is consistent with melasma, a common skin condition often seen on the forehead, cheeks, nose, and upper lip. The pigmentation appears uniform and is typically more noticeable on sun-exposed areas.",no definitive diagnosis,abdomen,"Multiple, brown, non-scaled macules and patches on the abdomen."
FALSE,pubmed/00_58_PMC5621200_IDOJ-8-361-g003_3.jpg,Rosacea,Forehead,"The image shows erythematous and slightly raised areas on the forehead, indicative of rosacea. The skin appears inflamed with visible redness and possible telangiectasia, which are small, visible blood vessels. The condition is characterized by persistent redness and may include papules or pustules.",dermatitis,No body location information,Periorbital classical lesions seen in Paederus dermatitis.
FALSE,youtube/ZV3lmTHN3_w_frame_51138_2.jpg,Pyoderma Gangrenosum,Leg,"The image shows a large, irregularly shaped ulcer with a purplish-red border and a necrotic center. The lesion appears to be surrounded by inflamed tissue and is located on the leg. There are signs of bleeding and possible secondary infection, with surrounding areas showing signs of inflammation and discoloration.",allergic contact dermatitis,No body location information,"This image shows a close-up view of a skin disease characterized by red, inflamed patches on the skin, likely caused by an allergic reaction to an irritant. Treatment options include topical creams and ointments to reduce inflammation and itching."
FALSE,"note/Klaus Wolff, Lowell Goldsmith, Stephen Katz, Barbara Gilchrest, Amy Paller, D-¨å_3_00361_17625_0.png",Rosacea,Face,"The image shows facial skin with visible signs of rosacea, including erythema, telangiectasia, and possible papules. The central areas of the face, particularly around the nose and cheeks, exhibit persistent redness and dilated blood vessels. The skin appears inflamed and may have a rough texture, indicative of chronic inflammation typical of rosacea.",bloom syndrome,No body location information,Bloom syndrome: Prominent
FALSE,youtube/jJjxGxhcjpU_frame_15202_0_0.jpg,Seborrheic Keratosis,Not specified,"The image shows multiple raised, smooth, and waxy lesions with a pearly or light brown color. These lesions have a slightly translucent appearance and are surrounded by fine hair. The surface texture appears rough and may have a 'stuck-on' look, which is characteristic of seborrheic keratoses.",allergic contact dermatitis,No body location information,"This image shows a patient with a skin disease characterized by red, itchy patches on their skin. The cause of this condition is an allergic reaction to a particular substance, and treatment options include topical creams and avoiding the allergen."
FALSE,youtube/qW99IuAPApU_frame_23492_2.jpg,Seborrheic Keratosis,Back,"The image shows a well-demarcated, pigmented lesion on the back. The lesion appears to have a waxy, slightly raised surface with a rough texture. It is characterized by a dark brown to black coloration, which is typical of seborrheic keratosis. The lesion's surface may have a 'stuck-on' appearance, and there are no signs of inflammation or ulceration around the area.",allergic contact dermatitis,No body location information,"This image shows a close-up view of a skin disease characterized by red, inflamed patches on the skin, likely caused by an allergic reaction to an irritant. Treatment options include topical creams and avoiding the allergen."
FALSE,youtube/SVKBH_vJ5fA_frame_60409_1.jpg,Acne vulgaris,Face,"The image shows a close-up of the face with visible acne lesions. There are red, inflamed areas consistent with papules and possibly pustules, which are characteristic of acne vulgaris. The skin appears to have some areas of erythema and potential comedones, indicating active acne.",libido racemosa,No body location information,"This image shows lichen planus, a skin disease characterized by breaks in the tight net-like pattern, resulting in large irregular rings, and is often asymmetrical, indicating impaired blood flow."
FALSE,youtube/QGbWOPXpGqM_frame_34554_0_0.jpg,Impetigo,Chest,"The image shows a cluster of red, inflamed lesions with some areas appearing to have honey-colored crusts. These characteristics are indicative of impetigo, a common bacterial skin infection. The lesions are distributed across the chest area, with some areas showing more pronounced redness and crusting.",allergic contact dermatitis,No body location information,"This image shows a close-up view of a skin disease characterized by red, itchy patches on the skin. The cause of this condition is an allergic reaction to certain irritants, and treatment options include avoiding the allergen and using over-the-counter creams to alleviate symptoms."
TRUE,public/-6844673583459020552.png,Rosacea,Cheek,"The image shows erythema and visible blood vessels on the cheek, characteristic of rosacea. There are areas of diffuse redness and some small, raised bumps, which are common in this condition.",rosacea,No body location information,"This is a close up clinical image The skin texture of this patient is elevated irregular. The patient's symptoms related to the appearance and sensation of the skin condition are bothersome appearance, itching, burning. The final diagnosis is rosacea.  The duration of the skin condition is less than one week."
FALSE,IIYI/20385_2.png,Acne vulgaris,Back,"The image shows multiple acne lesions on the back, including comedones, papules, and possibly pustules. The lesions are distributed across the skin surface, with varying sizes and stages of inflammation.",hidradenitis suppurativa,No body location information,"The user posted about having Hidradenitis Suppurativa (æ¯___ä¸__å¾), discussing primarily the symptoms observed under the armpits which are notably mild. From the discussion, the user and other participants did not provide detailed additional symptoms, potential disease diagnoses, or treatments. Only minimal interaction focused on learning from the posted information, and queries on how the treatment was approached by the poster remained unanswered."
FALSE,edu/å®___§ç___part1_00311_12159.png,Erythema,Arm,"The image shows a red, inflamed area on the arm, indicative of erythema. The skin appears swollen and may be warm to the touch, suggesting inflammation or irritation. The redness is diffuse, covering a significant portion of the arm, which could be due to an allergic reaction, infection, or other inflammatory conditions.",drug eruption,No body location information,Urticarial drug eruption
TRUE,pubmed/78_bc_PMC8896184_IANN_A_2044511_F0010_C_2.png,Onychomycosis,Toe,"The image shows a toe with a thickened, discolored nail, exhibiting signs of onychomycosis. The nail appears yellowish-brown and crumbly, indicating fungal infection. Surrounding skin may show mild inflammation or scaling.",onychomycosis,No body location information,"Clinical presentations of Beau_ lines, onychomadesis, and retronychia. Retronychia of the right great toenail."
FALSE,public/dermoscopy-00--fusc2021--0247--2d-none.png,Diabetic Foot Ulcer,Ankle,"The image shows a foot with a significant ulcer located on the ankle. The ulcer appears to have irregular borders, with a central area of necrosis and surrounding erythema. There is also evidence of inflammation and possible infection around the lesion.","foot ulcer, ulcer",foot,"The image is a close-up dermoscopy of a foot, specifically showing the heel area. The region of interest, located left-center horizontally and lower-middle vertically, with an area ratio of 2.3%, exhibits a foot ulcer with irregular edges, a heterogeneous texture, and a noticeable disruption in skin integrity. This ulceration could be related to other regions of the foot, potentially indicating compromised blood flow or diabetic neuropathy, which are common underlying conditions for foot ulcers. The ulcer's presence suggests a need for careful monitoring and management to prevent further complications such as infection or amputation."
FALSE,youtube/EHy_53RfOtU_frame_1625_0_0.jpg,Onychomycosis,Finger,"The image shows a finger with a thickened, discolored, and possibly brittle nail, indicative of onychomycosis. The nail appears yellowish and has an irregular shape, which is characteristic of fungal infection of the nail.",abscess,No body location information,"This image depicts an abscess, a skin disease characterized by a yellow-green color and severe tenderness, resulting from a collection of pus under the skin."
FALSE,pubmed/7c_b9_PMC5707863_IDOJ_8_521_g002.png,Nevus,Arm,"The image shows a pigmented lesion on the arm. The lesion appears as a well-defined, darkly pigmented area with a slightly irregular border. The coloration ranges from dark brown to black, and the surface appears flat and consistent with the surrounding skin texture. This presentation is characteristic of a nevus, commonly known as a mole.",autoimmune hemolytic anemia,forearm,Positive auto-erythrocyte sensitization test compared to control (normal saline) over the left forearm
FALSE,youtube/qn2EHDqBHk0_frame_13218_2.jpg,Fordyce Granules,Lip,"The image shows a close-up of the lip with visible Fordyce granules. These are small, yellowish-white, raised spots on the mucous membranes of the lips. The surrounding skin appears slightly inflamed and there are some areas with a shiny, moist appearance, likely due to the natural oils of the skin. The granules are benign and typically do not require treatment.",no definitive diagnosis,No body location information,This image shows a patient with eyelid and conjunctival lesions that disappeared after four months without any surgical intervention.
FALSE,pubmed/2b_db_PMC7315058_MBSEH_52_119_g001_0.png,Onychomycosis,Finger,"The image shows a finger with discoloration and thickening of the nail, indicative of onychomycosis. The nail appears yellowish-brown and is separated from the nail bed, suggesting fungal infection. The surrounding skin appears slightly inflamed.",no definitive diagnosis,No body location information,Incision procedure
FALSE,youtube/Rcom9v03f9g_frame_1238_0_0.jpg,Not applicable,Not applicable,"The image does not show a skin condition or lesion. It depicts a cooked piece of meat, likely a steak, with a sauce and garnish.","irritated seborrheic keratosis (from ""sk/isk"")",No body location information,"This image shows a close-up view of a skin disease characterized by red, inflamed patches on the skin, caused by an autoimmune disorder, and can be treated with topical steroids and immunosuppressive medications."
FALSE,"note/Robert Johr, Wilhelm Stolz - Dermoscopy Criteria Review-McGraw-Hill Professional (2019)_00281_01568_0.png",Erythema,Not specified,"The image shows a diffuse redness of the skin, indicative of erythema. The surface appears uniformly reddened with visible blood vessels, suggesting inflammation or irritation. The texture seems slightly uneven, possibly due to underlying vascular changes.",no definitive diagnosis,arm,Seen on the arm of a 49-year-old man.
FALSE,IIYI/12237_2.png,Erythema,Abdomen,"The image shows a diffuse erythematous rash on the abdomen. The skin appears red and inflamed, with multiple small, scattered red patches. The condition seems to cover a significant portion of the abdominal area, indicating a possible inflammatory or allergic reaction.",pityriasis rosea,oral,"The poster is discussing Pityriasis Rosea and seeking information about their treatment options. Pityriasis Rosea often presents without prominent mother patches on limbs. Treatment usually involves self-resolution within 6-8 weeks. Therapeutic options include UVB phototherapy every other day with progressively increasing dosages, oral administration of Compound Qingdai Pills, Histamine Blockers like Chlorpheniramine, Vitamin C, and Calcium Gluconate to alleviate allergic symptoms such as itching. Dietary restrictions on spicy foods and alcohol can significantly shorten the duration of the disease."
FALSE,edu/Illustrated-Manual-of-Pediatric-Dermatology-Diagno...-¹é_ OCR_00110_07579.png,Rosacea,Forearm,"The image shows a diffuse erythematous rash on the forearm, characterized by a persistent redness of the skin. There are visible small, red, and sometimes slightly raised bumps, which are indicative of papules and possibly pustules. The skin appears inflamed and may have a rough texture, consistent with the symptoms of rosacea.",cellulitis,No body location information,Cellulitis - caused by Streptococcus with marked erythema.
FALSE,IIYI/25760_2.png,Tinea Corporis,Forearm,"The image shows a skin condition on the forearm characterized by a red, scaly, and slightly raised lesion. The affected area appears to have a circular shape with a clear border, which is typical of a fungal infection. The center of the lesion may appear less affected or have some scaling, while the periphery shows more active inflammation and scaling.","neurodermatitis, dermatitis",oral,"Female, 50 years old, with a medical history of over 20 years, presenting with slightly itchy rash and absence of the three typical signs of psoriasis (unspecified which signs). Discussion among users suggests possible diagnoses including neurodermatitis, chronic eczema, and psoriasis vulgaris. Additional considerations involved excluding lichen planus, particularly noting any oral lesions, and confirming diagnosis pathologically. A few users supported the diagnosis of psoriasis vulgaris, whereas the majority suggested neurodermatitis as a more likely diagnosis, noting the characteristic presence of skin flakes in some images indicating potential psoriasis."
FALSE,public/ISIC_5562413.JPG,Melanocytic Nevus,Not specified,"The image shows a pigmented lesion with a well-defined border and varying shades of brown. The lesion appears to be symmetrical with a uniform texture and is surrounded by normal skin. Hair follicles are visible around the lesion, indicating it is on a hair-bearing area.",nevus,No body location information,This is a dermoscopic image captured on the anterior torso showing a benign skin lesion diagnosed as nevus.
FALSE,pubmed/d9_75_PMC7490996_gr3.png,Fibrosarcoma,Left shoulder,"The image shows a large, fungating mass on the left shoulder with areas of ulceration and bleeding. The mass appears irregular in shape with a necrotic center and surrounding erythema, indicating possible infection or inflammation.",no definitive diagnosis,No body location information,First presentation image showing the fungating mass.
FALSE,edu/Sauer - Manual of Skin Diseases-¹é_ OCR_00224_11642_0.jpg,Eczema,Unspecified,"The image shows a skin area with erythematous patches, indicative of eczema. The skin appears inflamed with a reddish hue, and there may be signs of scaling or dryness. Eczema typically presents with such characteristics, including itching and possible oozing in more severe cases.",ichthyosis,No body location information,Ichthyosis.
FALSE,youtube/ZhQn7oXdsZs_frame_45517_0_0.jpg,Lichen Sclerosus,Perianal and perineal region,"The image shows a perianal and perineal region with whitish, atrophic skin indicative of lichen sclerosus. There are areas of erythema and possible hemorrhagic spots, suggesting inflammation or minor trauma. The skin appears thin and may have a shiny, wrinkled texture, characteristic of this condition.",allergic contact dermatitis,No body location information,"This image shows a close-up view of a skin disease characterized by red, itchy patches on the skin, likely caused by an allergic reaction to an irritant. Treatment options include avoiding the allergen, using over-the-counter creams, and seeing a dermatologist for prescription medication."
FALSE,youtube/DSIkGCsikYU_frame_37665_11.jpg,Contact Dermatitis,Forearm,"The image shows a red, inflamed area on the forearm, indicative of contact dermatitis. The affected area appears to have a diffuse erythematous rash with possible scaling or slight swelling, suggesting irritation or allergic reaction to an external substance.",allergic contact dermatitis,No body location information,"This image shows a close-up view of a skin disease characterized by a red, raised, and itchy patch on the skin, likely caused by an allergic reaction or irritation. Treatment options include topical creams or ointments, avoiding irritants, and seeking medical advice."
FALSE,IIYI/18372_2.png,Seborrheic Keratosis,Face,"The image shows a skin lesion characterized by a well-defined, slightly raised, and pigmented area. The lesion appears to have a waxy or greasy surface with a rough texture, typical of seborrheic keratosis. The coloration ranges from light brown to dark brown, and the lesion is oval-shaped. The surrounding skin appears unaffected, with no signs of inflammation or erythema.",nevus,temple,"The poster reported having a growth starting from the head and spreading to the temple area, first noticed around the age of 8 or 9 and has not spread for the last three decades, now in their thirties. The growth occasionally causes itching on the eyelid area. Medical consultations occurred about a decade ago leading to a diagnosis of flat warts by several doctors. Treatments with caustic lotion were attempted, which temporarily removed the warts, but they quickly regrew. The discussion in the forum led to a consensus among responders, who suggested that the condition described is likely verrucous nevus. No new symptoms or additional diagnostic insights were discussed beyond the initial description. No new treatments were suggested in the forum responses."
FALSE,youtube/IGc9CwT3jPw_frame_14160_1.jpg,Oral Lichen Planus,Oral mucosa,"The image shows a lesion on the oral mucosa characterized by a white, lacy pattern with red, inflamed areas. This presentation is consistent with oral lichen planus, which often appears as reticular or erosive lesions in the mouth.",paraneoplastic pemphigus,oral,"This image describes paraneoplastic pemphigus, a skin disease characterized by antibodies against plakins, affecting both males and females equally, and commonly associated with non-Hodgkin lymphoma. Oral manifestations may include ulcerations, erosions, urticarial lesions, bullous eruptions resembling erythema multiforme, itching, and crusting."
FALSE,"note/Robert Johr, Wilhelm Stolz - Dermoscopy- An Illustrate_00348_17052_0.png",Melanoma,Not specified,"The image shows a pigmented lesion with irregular borders and varying shades of brown. The lesion appears asymmetrical and has a diameter that may be larger than 6mm, which are characteristics that warrant further medical evaluation.",no definitive diagnosis,No body location information,"Nevus, seborrheic keratosis, basal cell carcinoma, vascular lesions, dermatofibroma, squamous cell carcinoma, melanoma, other."
FALSE,youtube/qn2EHDqBHk0_frame_13191_0.jpg,Basal Cell Carcinoma,Face,"The image shows a skin lesion consistent with Basal Cell Carcinoma. It appears as an irregular, nodular growth with a pearly or waxy appearance, and there is a visible ulceration or erosion in the center. The lesion is located on the face, near the eye, and exhibits characteristics such as telangiectasia and a raised, firm border. The surrounding skin shows signs of sun damage, including pigmentation changes and rough texture.",no definitive diagnosis,No body location information,This image shows a patient with eyelid and conjunctival lesions that disappeared after four months without any surgical intervention.
FALSE,youtube/J9sVNh8KUAU_frame_55281_0_0.jpg,Perioral dermatitis,Perioral region,"The image shows a skin condition characterized by small, red, scaly bumps around the mouth. This is indicative of perioral dermatitis, which typically presents as erythematous papules and pustules on the skin surrounding the mouth.",mucormycosis,No body location information,"This image discusses mucormycosis, a rapidly progressive fungal infection that can involve the skin, GI tract, lungs, and other organs. The most common clinical presentation is rhino-orbital cerebral mucormycosis (ROCM), which can range from a localized infection to a full-body disease with involvement of the central nervous system."
FALSE,IIYI/19461_4.png,Not applicable,Not applicable,"The image is a laboratory report showing the results of various trace element measurements in the blood, not a dermatological image.","eczema, lichen planus, nail disease",nails,"An 8-year-old male patient is experiencing nail malnutrition (²è_»ä_). Routine blood tests, trace elements, and fungal tests on nails have all returned normal results. There was a discussion among forum users about the diagnosis and treatment of the patient's condition. It was mentioned that nail malnutrition can be difficult to diagnose and treat, and suggested treatments were largely limited to supplementing trace elements. Different diagnoses such as nail eczema or lichen planus were considered, though the exact diagnosis remained unclear. There were mentions of conditions including nail thickening and irregularities accompanied by redness around the nails. A suggestion was made to conduct a pathological examination to better identify the condition, possibly leaning towards the diagnosis of nail lichen planus."
FALSE,note/Sewon-Kang-Fitzpatrick_-Dermatology[2-Volume Set]-McGraw-Hil-Education(2019)-part6_00276_01143_0.png,Seborrheic Keratosis,Back,"The image shows a seborrheic keratosis, characterized by a well-demarcated, waxy, and slightly raised lesion with a rough surface. The lesion appears brown to black in color and is surrounded by normal skin with visible hair follicles. The texture and appearance are consistent with common presentations of seborrheic keratosis.",erythrasma,groin,Erythrasma Welldemarcated reddishbrown patches in the axilla and groin The potassium hydroxide preparations were negative  Woods lamp examination showed a bright coral red fluorescence
FALSE,youtube/p5-sNkNQHUY_frame_29037_0.jpg,Rosacea,Face,"The image shows a facial area with erythema and visible blood vessels, characteristic of rosacea. The skin appears red and inflamed, with a diffuse, persistent redness commonly seen in this condition.",allergic contact dermatitis,arm,"This image depicts a person with a skin disease characterized by a red, itchy rash on their arm. The cause of the rash is an allergic reaction to a particular substance, and the treatment involves avoiding the allergen and using over-the-counter creams to relieve the symptoms."
FALSE,pubmed/71_7f_PMC4149335_cia_9_1409Fig1_1.png,Fordyce spots,Lips,"The image shows multiple small, yellowish-white, raised spots on the inner surface of the lower lip. These are characteristic of Fordyce spots, which are benign sebaceous glands that have become visible through the mucosa.",cellulitis,No body location information,Abscess of the mandible affecting the extraction area. The pus is leaking from the empty alveolus. The infection and swelling extend to the second molar.
FALSE,youtube/jdaN189qAVU_frame_1394_0_0.jpg,Diabetic Foot Ulcer,Foot,"The image shows a foot with a significant ulceration on the plantar surface. The ulcer appears to be deep with irregular borders and necrotic tissue. Surrounding the ulcer, there is erythema and possible signs of inflammation. The affected area looks compromised, indicating potential infection or poor healing, commonly associated with diabetic complications.","irritated seborrheic keratosis (from ""sk/isk"")",No body location information,"This image shows a close-up view of a skin disease characterized by red, inflamed patches on the skin. The cause of this condition is an overactive immune response, and treatment options include topical steroids and immunosuppressive medications."
FALSE,pubmed/bd_c1_PMC8884525_gox-10-e4001-g004_0.jpg,Lupus Erythematosus,Elbow,"The image shows a lesion on the elbow characterized by an irregular, possibly scaly or crusted area with surrounding erythema. There is evidence of skin breakdown and possible ulceration, with a dark line possibly indicating a surgical marking or a lesion boundary. The lesion appears to be chronic with signs of inflammation and tissue damage.",local infection of wound,No body location information,Nonhealing wound on posterolateral heel with exposed Achilles tendon and calcaneum wound after debridement.
FALSE,youtube/283tIZpT1nA_frame_4307_0.jpg,Acne vulgaris,Face,"The image shows a close-up of the skin on the face with visible acne lesions. There are multiple red, inflamed papules and pustules characteristic of acne vulgaris. The skin appears to have areas of congestion and some lesions may be in the process of healing, indicated by slight discoloration and scarring.",melanoma,No body location information,"This image shows a black structureless skin lesion, which could be a sign of a skin disease such as melanoma. The exact cause and treatment options depend on the specific type of skin disease."
FALSE,youtube/1OuTdRRFqd0_frame_12623_0_0.jpg,Seborrheic Keratosis,Arm,"The image shows a single, well-demarcated, dark brown to black lesion on the skin of the arm. The lesion appears to be slightly raised with a waxy, stuck-on appearance, which is characteristic of seborrheic keratosis. The surrounding skin appears normal without any signs of inflammation or irritation.",no definitive diagnosis,oral,"This image depicts a skin disease characterized by extreme discomfort, with a red and inflamed appearance. The cause of the disease is not clear, but it may be related to an allergic reaction or an infection. Treatment options include topical creams or ointments, oral medications, and in some cases, corticosteroids or immunosuppressants."
FALSE,youtube/7RWVilxv6r8_frame_14966_0_0.jpg,Seborrheic Keratosis,Not specified,"The image shows a skin lesion characterized by a rough, wart-like appearance with a slightly raised, scaly surface. The lesion is predominantly light brown with a waxy texture and well-demarcated borders, typical of seborrheic keratosis.",lymphoma,No body location information,"This image depicts lymphoma, a type of cancer that affects the lymphatic system, characterized by the presence of abnormal, cancerous cells in the lymph nodes, spleen, or other organs. The exact cause of lymphoma is unknown, but it is thought to be related to a combination of genetic and environmental factors. Treatment options for lymphoma include chemotherapy, radiation therapy, and bone marrow transplantation, among others."
FALSE,public/lentigo-adults-42.jpg,Pemphigus Vulgaris,Not specified in the image,"The image shows a close-up of skin with multiple small, irregularly shaped, and clustered vesicles or bullae. The skin appears erythematous with a glossy surface, indicating possible blistering and inflammation. The texture suggests a fragile and possibly painful condition, characteristic of pemphigus vulgaris, an autoimmune blistering disease.","irritated seborrheic keratosis (from ""sk/isk"")",No body location information,"This is a clinical skin image, diagnosed as light diseases and disorders of pigmentation."
FALSE,youtube/NQXKZcaxkaE_frame_35901_0_0.jpg,Herpes Simplex Virus (HSV) infection,Periorbital region,"The image shows a skin condition characterized by red, swollen, and blistered lesions around the eye. This presentation is consistent with a herpes simplex virus (HSV) infection, commonly known as cold sores or fever blisters. The lesions appear to be clustered and may be accompanied by inflammation and possible crusting, which are typical signs of HSV affecting the periorbital area.",choroidal swelling,No body location information,"This image shows a wide field fundus photography of a patient with choroidal swelling, which is caused by pressure on the sclera and choroid, resulting in swelling beneath the choroid and reflected in the fundus examination."
FALSE,IIYI/1135_3.png,Not applicable,Not applicable,"The image shows a medical document with laboratory results, not a skin condition.",cellulitis,"leg, foot","An 80-year-old female presents with reddish, swollen, warm, and painful right lower leg persisting for 4 days. The symptoms started shortly after she scratched her leg due to 'athlete's foot' and rapidly progressed to involve the entire limb. She experienced fever with a highest recorded temperature of 38.1Â°C and has not received any treatment prior to hospital visit. During forum discussion, diagnosis of erysipelas, a type of lymphatic infection caused by a skin fungal infection from athlete's foot, was considered. The agreed treatment was bed rest, elevation of the affected limb, and administration of penicillin. Additionally, some suggestions included using traditional Chinese medicine formulations like Si Miao Yong An Tang featuring ingredients such as honeysuckle, scrophularia, licorice, and angelica."
FALSE,youtube/Rwvw8xmMVP4_frame_8653_0_0.jpg,Lymphedema,Lower limb,"The image shows a swollen lower limb, which is indicative of lymphedema. The limb appears significantly enlarged compared to the other limb, with visible skin folds and a bandaged appearance, suggesting chronic swelling and possible treatment or compression therapy.",psoriasis,No body location information,"This image shows a close-up view of a skin disease characterized by red, itchy patches on the skin. The cause of this condition is an overproduction of skin cells, which can be treated with topical creams and ointments to reduce inflammation and itching."
FALSE,public/drug-eruptions-74.jpg,Rosacea,Chest,"The image shows a widespread erythematous rash with numerous small, red, and sometimes slightly raised papules on the chest. The skin appears inflamed and there is diffuse redness, which are characteristic features of rosacea. The condition is more pronounced in the central chest area, with some areas showing more intense redness and possible telangiectasia.",drug eruption,No body location information,"This is a clinical skin image, diagnosed as exanthems and drug eruptions."
FALSE,IIYI/28145_5.png,Scabies,Back,"The image shows a widespread rash on the back with numerous small, red, itchy bumps and blisters. This pattern is consistent with scabies, a skin condition caused by the Sarcoptes scabiei mite. The lesions appear to be clustered and may include burrows, which are characteristic of scabies infestation.","chronic actinic dermatitis, dermatitis","neck, hand, oral","A 63-year-old male complains of generalized itching, with hand backs and neck skin lesions that have persisted for more than ten years and lesions on the trunk and limbs' extensor surfaces for around six months. The primary condition discussed is Chronic Actinic Dermatitis (CAD). Other diagnoses considered are chronic eczema, generalized eczema, disseminated neurodermatitis, and the potential for Mycosis Fungoides (MF) being ruled out through pathology. Treatment suggestions include a regimen of Methimazole, Chlorpheniramine, Vitamin C, Compound Danshen Tablets, Vitamin B1, with specific dosages and treatment courses noted, including injections and topical applications. The possibility of chronic widespread neurodermatitis or chronic eczema along with treatments involving Methimazole, Chlorpheniramine, Vitamin C, Compound Danshen, and Vitamin B1 oral pills, and sulfur ointment applications for itching is also discussed."
FALSE,"edu/Electra Nicolaidou, Clio Dessinioti, Andreas Katsambas - Hypopigmentation. 1-CRC Press (2019)_00173_00668.png",Seborrheic Keratosis,Face,"The image shows a skin lesion consistent with seborrheic keratosis, characterized by a well-demarcated, raised, and pigmented area on the face. The lesion appears waxy and has a slightly rough texture, with a color ranging from light brown to dark brown. The surface may exhibit a 'stuck-on' appearance, which is typical of this benign skin growth.",xeroderma pigmentosum,No body location information,"Preparations containing mercury are still available in many developing countries, and their contents are poorly controlled. Peregrino et al. analyzed whitening products."
FALSE,IIYI/5381_1.png,Psoriasis,Hand,"The image shows a close-up of the back of a hand with visible thickened, red, and scaly patches. The skin appears to be dry and rough, with well-demarcated plaques typical of psoriasis. The affected areas exhibit a silvery-white scale, and the surrounding skin seems slightly inflamed.","contact dermatitis, drug eruption, dermatitis","lips, back, hand","The poster reported sudden itching on the back of the hand with the appearance of blisters one day later. The itching was specific to the affected area and not painful. Additionally, there was a green pea-sized itchy spot on the lip, which was not painful, swollen, or red. No other discomforts were mentioned. Further discussions among forum users suggested the possibility of contact dermatitis or drug eruption. Users advised considering the history of the condition and closely examining for any potential triggers that might have been unnoticed by the poster. Potential diagnoses discussed included contact dermatitis and drug-induced dermatitis, with recommendations for a detailed examination of the patient's medical history and symptomatic treatment."
FALSE,youtube/Pi20y_f-dfY_frame_49685_0_0.jpg,Sebaceous Cyst,Head/Scalp,"The image shows a sebaceous cyst on the scalp. The cyst appears as a yellowish, raised lesion with a smooth surface. Surgical instruments are visible, indicating an ongoing or planned excision procedure. The surrounding skin appears intact, and the cyst is well-defined, typical of a sebaceous cyst.",allergic contact dermatitis,No body location information,"This image shows a close-up view of a skin disease characterized by red, itchy patches on the skin. The cause of this condition is an allergic reaction to certain substances, and treatment options include avoiding the allergen and using over-the-counter creams to relieve symptoms."
FALSE,youtube/3Dx-63EZR24_frame_27589_0_0.jpg,Scabies,Generalized,"The image shows numerous small, raised, and itchy skin lesions consistent with scabies. These lesions are often characterized by burrows or tracks left by the Sarcoptes scabiei mite. The distribution appears widespread, which is typical in severe cases of scabies infestation.",no definitive diagnosis,No body location information,"This image shows channels on the surface of a planet, which indicate the presence of liquid water in the past and is a prerequisite for life."
FALSE,youtube/Lng9V5iMGJQ_frame_8835_0_0.jpg,Conjunctivitis,Eye,"The image shows the eye with visible redness and inflammation of the conjunctiva, which is the thin layer covering the white part of the eye and the inner surface of the eyelid. There is also some discharge present, which is characteristic of conjunctivitis. The eyelids appear slightly swollen, and the overall appearance suggests irritation or infection.",allergic contact dermatitis,No body location information,"This image shows a close-up view of a skin disease characterized by red, inflamed patches on the skin, likely caused by an allergic reaction to a specific substance. Treatment options include avoiding the allergen, using over-the-counter creams, and seeing a dermatologist for prescription medication."
FALSE,pubmed/64_38_PMC8088159_IDOJ_12_312_g002_0.png,Rosacea,"Face, around the nose and cheeks","The image shows erythematous, papular lesions on the skin around the nose and cheeks. The affected area appears to have a diffuse redness with visible small bumps, which are characteristic of rosacea. The skin texture seems slightly swollen and irritated, with a noticeable presence of vascular changes.","irritated seborrheic keratosis (from ""sk/isk"")",No body location information,"Clinical image showing skin-colored papules present bilaterally over the pinna, pre- and post-auricular areas."
FALSE,public/herpes-type-1-recurrent-3.jpg,Chronic actinic cheilitis,Lips,"The image shows the lower lip with signs of chronic actinic cheilitis, characterized by thickened, scaly, and reddish areas. The lip appears rough and uneven, with some discoloration and possible scaling, indicative of prolonged sun exposure.",molluscum contagiosum,No body location information,"This is a clinical skin image, diagnosed as warts molluscum and other viral infections."
FALSE,youtube/xEYjjpXikwc_frame_3712_0_0.jpg,Seborrheic Keratosis,Not specified,"The image shows a well-demarcated, raised lesion with a waxy, slightly translucent appearance. The lesion is light brown to tan in color and has a rough, scaly surface. There is a small, darker area within the lesion, which is characteristic of seborrheic keratosis. The surrounding skin appears normal.","irritated seborrheic keratosis (from ""sk/isk"")",No body location information,"This image shows a close-up view of a skin disease characterized by red, inflamed patches on the skin. The cause of this condition is not yet clear, but it may be related to an autoimmune disorder. Treatment options include topical creams and corticosteroids to reduce inflammation and prevent further irritation."
FALSE,IIYI/12557_4.png,Urticaria (Hives),Not specified in the image,"The image shows multiple erythematous, raised lesions scattered across the skin surface. These lesions are indicative of urticaria, commonly known as hives, which are characterized by their red, itchy, and swollen appearance. The lesions vary in size and shape, and the surrounding skin appears slightly inflamed.",measles,No body location information,The user is discussing a suspected case of adult measles. The post title suggests this and is followed by mentions of high fever and maculopapular rash. A user mentioned observing two cases of adult measles. One was confirmed through the presence of Koplik's spots while the second case was diagnosed outside of the forum discussions. The ongoing discussion appears to support the user's suspicion of having a typical presentation of adult measles.
FALSE,pubmed/fc_11_PMC10884590_Vetworld-17-150-g001_0.jpg,Seborrheic Keratosis,Back,"The image shows a seborrheic keratosis, characterized by a well-demarcated, waxy, and slightly raised lesion with a rough surface. The lesion has a brownish color with a lighter, almost yellowish center and darker peripheral areas. The surrounding skin appears unaffected, and the lesion's surface texture is notable for its 'stuck-on' appearance.",no definitive diagnosis,No body location information,Epinephilus chlorostigma showing emaciation.
FALSE,youtube/R9Drgo1xMqg_frame_8972_0_0.jpg,Cellulitis,Arm,"The image shows a swollen arm with erythema and induration, indicative of cellulitis. The skin appears red and inflamed, with possible signs of warmth and tenderness. There are also visible surgical sutures, suggesting a recent incision or wound that may be a source of infection.",allergic contact dermatitis,No body location information,"This image shows a skin disease characterized by a purple, raised, and itchy rash, often caused by an allergic reaction to certain substances, and can be treated with topical creams and avoiding the allergen."
FALSE,youtube/iFnBzD19FrE_frame_64737_0.jpg,Not applicable,Not applicable,The image does not show any skin condition or lesion.,proliferations,oral,"This image shows a close-up view of a skin disease characterized by red, inflamed patches on the skin, caused by an overproduction of skin cells. Treatment options include topical creams and ointments, as well as oral medications in some cases."
FALSE,pubmed/15_03_PMC10327660_dr-15-2-9617-g001_0.jpg,Seborrheic Keratosis,Chest,"The image shows multiple raised, pigmented lesions on the chest. These lesions have a waxy, stuck-on appearance with a rough surface and are consistent with seborrheic keratoses. They vary in size and color, ranging from light tan to dark brown.",drug eruption,No body location information,"A few days after hospitalization, erythema covered the body."
FALSE,youtube/ZO_3RM9qssE_frame_26250_1.jpg,Erythema,Oral mucosa,"The image shows erythematous areas on the oral mucosa, characterized by redness and inflammation. The affected areas appear swollen and may indicate irritation or an underlying condition such as oral thrush, canker sores, or a reaction to a substance.",exophytic papillary growth,lips,"This image shows an exophytic papillary growth, which is a common benign tumor of the minor salivary gland, often seen in older patients, particularly in the lower lip and mandibular vestibules. It is characterized by multiple papillary projections that are continuous with the lining, which is covered by stratified squamous epithelium."
FALSE,edu/Amanda Oakley - Dermatology Made Easy-SCION PUBLISHING (2017)-OCR1_00475_17075.png,Psoriasis,Arm,"The image shows multiple red, scaly patches on the arm, characteristic of psoriasis. The lesions appear as well-demarcated, raised plaques with a silvery-white scale on top. The distribution is widespread, covering a significant portion of the arm, and the skin around the lesions appears slightly inflamed.","eczema, discoid eczema",No body location information,Exudative acute discoid eczema.
FALSE,youtube/Vrk7360xziM_frame_6521_0.jpg,Seborrheic Keratosis,Not specified,"The image shows a raised, well-demarcated lesion with a smooth, shiny surface and a waxy appearance. The lesion is light brown to tan in color and is surrounded by normal skin with visible hair follicles. The characteristics suggest a benign growth commonly seen in older adults.",allergic contact dermatitis,No body location information,"This image shows a close-up view of a skin disease characterized by red, itchy patches on the skin, caused by an allergic reaction to a particular substance. The treatment options include avoiding the allergen, using over-the-counter creams for relief, and consulting a dermatologist for further treatment."
FALSE,youtube/OT0JmxCglI4_frame_178469_2.jpg,Pyogenic Granuloma,Finger,"The image shows a raised, reddish, and nodular lesion on the finger. The lesion appears to be a pyogenic granuloma, characterized by its bright red color, smooth surface, and tendency to bleed easily. It is well-demarcated and has a lobulated appearance.",no definitive diagnosis,No body location information,This image shows a sensational Matrix-themed lobby with no archives or matrix-related content.
FALSE,pubmed/8b_be_PMC10195979_gr4a.png,Keloid,Abdomen,"The image shows a keloid on the abdomen, characterized by a raised, dark-colored lesion. There are also visible surgical scars and some blood around the area, indicating recent medical intervention.",no definitive diagnosis,chest,A Incisions used for debridement and serve as limiting incision. Healthy looking and bleeding skin and clamped chest tube.B Incisions used for debridement and serve as limiting incision. Healthy looking and bleeding skin and clamped chest tube.
FALSE,youtube/GamzNQ1mnRE_frame_809_0_0.jpg,Seborrheic Keratosis,Hand,"The image shows a raised, round lesion on the back of the hand. The lesion appears to have a waxy, slightly rough surface with a central area that is lighter in color and a darker, pigmented border. This presentation is characteristic of seborrheic keratosis, a common benign skin growth.",pyogenic granuloma,No body location information,"This image shows a Pyogenic Granuloma, a benign skin tumor commonly affecting children and young adults, characterized by a red, raised, and sometimes bloody lesion."
FALSE,pubmed/f3_be_PMC10868120_12903_2024_3998_Fig1_HTML.png,Oral Thrush,Oral cavity,"The image shows the inside of the mouth with visible white patches on the tongue and inner cheeks, indicative of oral thrush. The patches appear creamy and slightly raised, with red, inflamed areas underneath. The condition is characterized by these white lesions, which can be wiped off, revealing red tissue underneath.",no definitive diagnosis,No body location information,Intraoral view of a lingually bonded fixed steel retainer (test group)
FALSE,public/dermoscopy-00--isic2017-task1--ISIC-0010185--2d-none.png,Seborrheic Keratosis,Not specified,"The image shows a well-demarcated, pigmented lesion with a rough, waxy surface. The lesion appears to have a slightly raised, irregular shape with a mixture of light brown to dark brown colors. The surrounding skin appears normal without significant erythema or inflammation.","melanocytic nevus, nevus",No body location information,"The image is a dermoscopy photograph focusing on a pigmented skin lesion. The lesion is located centrally and occupies approximately 12.5% of the image area. The region of interest, which is centrally located in the middle of the image, displays a pigmented lesion with an irregular distribution of color and texture, suggesting potential abnormality. The lesion's irregularity in color and texture, compared to the surrounding skin, may indicate a pathological process. The lesion's characteristics and its central position relative to the rest of the skin surface could suggest it is the primary area of concern, with the surrounding skin potentially being affected or showing relative positional changes due to the presence of the lesion."
FALSE,pubmed/18_db_PMC3956789_ad-26-139-g001_2.jpg,Scarring,Lower leg,"The image shows a scar on the lower leg. The scar appears as a raised, discolored area with a pinkish hue, indicating possible keloid or hypertrophic scarring. The surrounding skin shows some residual pigmentation changes and linear marks, suggesting previous trauma or surgical intervention.",striae,No body location information,Fresh erythematous striae located on the right peroneal region were not affected by vitiligo.
FALSE,youtube/N6AUh84mRrI_frame_73721_2.jpg,Herpes Simplex,Lip,"The image shows a lesion on the lip characterized by a cluster of small, fluid-filled blisters surrounded by red, inflamed skin. This presentation is consistent with herpes simplex virus infection, commonly known as cold sores or fever blisters. The blisters may eventually rupture, forming a painful ulcer before healing.",no definitive diagnosis,No body location information,"This image describes the various surgical procedures for treating malignant eyelid tumors, including complete surgical excision with margin clearance, pentagon excision for small defects, transposition or local advancement flaps, and eyelid sparing procedures. Reconstruction of the canthus is also important, and different flap combinations can be used depending on the extent of involvement."
FALSE,pubmed/e5_f4_PMC8355434_RCR2_9_e0827_g006_2.png,Plantar warts,Foot,"The image shows a foot with several raised, rough, and grainy lesions on the sole. These lesions are consistent with plantar warts, which are caused by the human papillomavirus (HPV). The warts appear as small, hard growths with a rough surface and may have black dots, which are small clotted blood vessels. The affected area may experience discomfort or pain, especially during walking.",vasculitis,No body location information,"Clinical examination showing a digital ulcer, flexion contractures, and dry gangrene."
FALSE,youtube/BC-OLAoqCk4_frame_10492_0_0.jpg,Rosacea,Face,"The image shows facial skin with visible redness and possible telangiectasia, which are common signs of rosacea. The affected area appears to be the cheeks and nose, exhibiting a persistent redness and possibly some visible blood vessels.","irritated seborrheic keratosis (from ""sk/isk"")",mouth,"This image shows a person with mouth blisters, likely caused by an autoimmune skin disease, and may require medical treatment to manage symptoms and prevent further complications."
FALSE,youtube/Xm46eaDAQ9c_frame_328_0_0.jpg,Bedbug bite,Arm,"The image shows a red, inflamed area on the arm with a visible bedbug nearby. The redness and swelling are indicative of a bedbug bite reaction, which typically appears as small, red, itchy welts.",allergic contact dermatitis,No body location information,"This image shows a close-up view of a skin disease characterized by red, itchy patches on the skin. The cause of this condition is an allergic reaction to certain substances, and treatment options include avoiding the allergen, using over-the-counter creams, and seeing a dermatologist for prescription medication."
FALSE,youtube/7kHm0OypXeI_frame_13724_2.jpg,Erythema,Leg,"The image shows erythema on the leg, characterized by diffuse redness of the skin. The affected area appears to have a uniform red coloration, indicating inflammation or irritation. There are no distinct lesions or patterns visible, suggesting a generalized skin reaction.",acral dermatitis,"hand, foot","This image describes acral dermatitis, a common skin condition in chemo patients characterized by red, purple, and painful hands and feet that may peel and heal after several weeks."
FALSE,edu/Aimilios Lallas- Zoe Apalla- Elizabeth Lazaridou- Dimitrios Ioannides - Dermatoscopy A-Z-CRC Press (2019)_00025_00174.png,Seborrheic Keratosis,Not specified,"The image shows multiple well-demarcated, pigmented lesions with a waxy, slightly raised appearance. These lesions vary in size and color, ranging from light brown to dark brown. The surface texture appears rough and may have a 'stuck-on' look, which is characteristic of seborrheic keratoses.",basal cell carcinoma,No body location information,Large ulceration (basal cell carcinoma).
FALSE,"note/Robert Johr, Wilhelm Stolz - Dermoscopy Criteria Review-McGraw-Hill Professional (2019)_00269_01464_0.png",Rosacea,Face,"The image shows a skin condition characterized by erythema, visible blood vessels, and small, raised bumps. The affected area appears red and inflamed, with a network of dilated capillaries, which are common signs of rosacea. The texture of the skin is uneven, and there are tiny white to yellowish papules scattered across the surface.",no definitive diagnosis,face,"A 79-year-old man complained of swelling, redness, and itching on his face for the past year."
FALSE,youtube/cxnwhiVwGbg_frame_9310_0.jpg,Acne vulgaris,Face,"The image shows a close-up view of a skin lesion consistent with acne vulgaris. There are multiple red, inflamed papules and pustules with some whiteheads visible. The surrounding skin appears slightly erythematous, indicating inflammation. The presence of comedones and pustules is characteristic of acne, which is a common condition affecting the face.",non-melanocytic lesions,No body location information,"This image describes non-melanocytic lesions, which are skin disorders caused by factors other than melanocytes, and may appear as flat or raised patches with various colors. Treatment options include topical creams and laser therapy."
FALSE,public/dermoscopy-00--isic2016-task1--ISIC-0000065--2d-none.png,Seborrheic Keratosis,Not specified,"The image shows a well-demarcated, brownish lesion with a rough, wart-like surface. The lesion has a slightly irregular shape and appears to be elevated from the skin surface. There are areas of varying pigmentation, with some parts being darker and others lighter. The surrounding skin appears normal.",melanoma,No body location information,"The image is a dermoscopy photograph focusing on a pigmented skin lesion. The lesion is centrally located in the image and occupies a significant portion of the visual field. The surrounding skin appears to be normal, with no other organs or medical devices visible. The region of interest, located centrally and occupying 36.7% of the image area, exhibits a pigmented lesion with variations in color, texture, and possibly size. The lesion's irregular borders and heterogeneous coloration, which includes shades of brown and black, are indicative of abnormal skin features. The lesion's irregularity and color variation within the region of interest may suggest a potential malignancy, which could be influencing or indicative of the condition of the surrounding skin. The lesion's characteristics, such as asymmetry and uneven borders, are often associated with melanoma, which could be related to the changes in the lesion's appearance. The dermoscopy image displays a pigmented skin lesion with irregular borders and heterogeneous coloration, centrally located on the skin. The lesion's distinct appearance compared to the surrounding skin suggests potential malignancy, which may be related to the changes observed."
FALSE,IIYI/16689_1.png,Pyoderma gangrenosum,Arm,"The image shows a skin lesion characterized by a red, inflamed, and ulcerated area on the arm. The lesion appears to have a raised, irregular border with a central area of necrosis or slough. The surrounding skin may exhibit signs of inflammation, such as redness and swelling. This presentation is consistent with pyoderma gangrenosum, a rare inflammatory skin condition that often begins as a small pustule or papule and rapidly enlarges into a painful ulcer.",cutaneous sporotrichosis,forearm,"The poster has been experiencing an ulcer on the right forearm for two months and has undergone a biopsy. The discussion among users suggested possibilities of basal cell carcinoma (BCC) or squamous cell carcinoma (SCC) based on the biopsy images, but the confirmed diagnosis through pathology and PAS staining is sporotrichosis."
FALSE,youtube/1O4E-aTIIiY_frame_8576_6.jpg,Chloasma (Melasma),Face,"The image shows a skin condition characterized by hyperpigmented, brownish patches on the face. These patches are typically symmetrical and can be seen on the forehead, cheeks, upper lip, and nose. The condition is often associated with hormonal changes and sun exposure.",squamous cell carcinoma,lips,"This image shows an example of white circle and dotted vessels along with shiny white streaks, which are commonly observed in squamous cell carcinoma on the lip."
FALSE,IIYI/23009_1.png,Bruise,Arm,"The image shows a large bruise on the arm with varying shades of purple, red, and some yellowish discoloration, indicating different stages of healing. The bruise appears irregular in shape and is accompanied by some minor skin disruption or scabbing.",actinic solar damage(solar purpura),No body location information,"Elderly male, prone to triggering after injury. Complaint of senile purpura. Discussions indicated that while senile purpura can be diagnosed, further blood tests (referred to as 'blood Rt') are suggested to rule out other hematological conditions, such as scurvy and hemophilia."
FALSE,pubmed/c0_95_PMC8567499_WJCC_9_9228_g004_0.png,Erythema,Hands,"The image shows both hands with a diffuse redness, indicating erythema. The skin appears uniformly reddened without visible lesions, blisters, or scaling. The redness is likely due to an inflammatory process or irritation.",no definitive diagnosis,No body location information,Functional results at the 5-year follow-up.
FALSE,youtube/Sv7YGWDfkQo_frame_9321_0_0.jpg,Melanoma,Not specified,"The image shows a skin lesion with irregular borders, asymmetry, and varying shades of brown and black. There are areas of uneven pigmentation and a mix of colors, including red and white, which are characteristic of a malignant melanoma. The lesion appears to have a heterogeneous texture with some parts being more elevated or nodular.",contact dermatitis,No body location information,"This image shows a close-up view of a person's skin, which appears to have a red, itchy rash with small bumps and blisters. The rash is likely caused by an allergic reaction to an irritant, and treatment options may include topical creams or ointments to reduce inflammation and itching."
FALSE,pubmed/73_ca_PMC4872913_1679-4508-eins-14-1-0025-gf01-pt_2.jpg,Folliculitis,Scalp,"The image shows a red, inflamed area on the scalp with visible hair follicles. There is noticeable swelling and some crusting, indicative of folliculitis, which is an inflammation of the hair follicles often caused by bacterial or fungal infections.",no definitive diagnosis,No body location information,(C) Abertura da cÃ¡psula com drenagem completa do conteÃºdo.
FALSE,pubmed/54_31_PMC3827529_IJD_58_492a_g001.png,Plantar wart,Foot,"The image shows a plantar wart on the sole of the foot. The wart appears as a raised, rough, and callused lesion with a well-defined border. It has a rough, scaly surface and may have small black dots, which are clotted blood vessels. The surrounding skin appears normal, with visible lines and creases typical of the plantar surface.","tinea, tinea cruris",penis,"Well-defined, dry, micaceous scaly plaque over the glans penis"
FALSE,youtube/LuzZ5bAaWDY_frame_3863_2.jpg,Vitiligo,Unspecified,"The image shows depigmented patches on the skin, which are characteristic of vitiligo. These patches appear as well-defined, white areas due to the loss of melanin. The surrounding skin appears unaffected, maintaining its normal pigmentation. The texture of the depigmented areas seems consistent with the adjacent skin, indicating no significant scaling or crusting.",squamous cell carcinoma,No body location information,"This image depicts squamous cell carcinoma, the second most common skin cancer, characterized by scaly red patches, open sores, rough thickened or wart-like skin, and raised growths with a central depression, often caused by UV rays or other damaging agents."
FALSE,youtube/_IxzrKPJdyw_frame_5576_0.jpg,Postoperative itching,Lower leg,"The image shows a person's lower leg with visible signs of itching, likely due to postoperative irritation or inflammation following liposuction. The skin appears to be in a state of discomfort, which is common after surgical procedures.","irritated seborrheic keratosis (from ""sk/isk"")",No body location information,"This image shows a person with a skin disease characterized by red, inflamed patches on their skin. The cause of this condition is not yet clear, but it may be related to an autoimmune disorder. Treatment options include topical creams and corticosteroids to reduce inflammation and prevent flare-ups."
FALSE,youtube/KtE0xQG2ceI_frame_6866_6.jpg,Acne vulgaris,Face,"The image shows multiple acne lesions on the skin, including comedones and inflammatory papules. There are visible blackheads and red, inflamed bumps characteristic of acne vulgaris.",allergic contact dermatitis,oral,"This image shows a close-up view of a skin disease characterized by red, inflamed patches on the skin, likely caused by an allergic reaction to a specific substance. Treatment options may include topical creams or oral medications to reduce inflammation and alleviate symptoms."
FALSE,youtube/ypkfPgxNFms_frame_14666_1.jpg,Acne vulgaris,Face,"The image shows a skin lesion consistent with acne vulgaris. It appears as a raised, inflamed bump with a reddish hue, indicative of a pimple or cystic acne. The lesion is located on the face, commonly seen in areas with high sebaceous gland activity. The surrounding skin may exhibit signs of mild inflammation or irritation.",no definitive diagnosis,No body location information,"This image depicts a red, potentially inflamed skin condition that may require a biopsy for diagnosis and treatment."
FALSE,"edu/Dr. Anthony J. Mancini MD  FAAP  FAAD (editor), Dr. Daniel P. Krowchuk MD  FAAP (editor) - Pediatric Dermatology- A Quick Reference Guide-American Academy of Pediatrics (2020)_00381_11401.png",Milia neomatura,Ear,"The image shows a small, white, raised lesion on the ear of a newborn. This is characteristic of milia neomatura, which are small keratin-filled cysts commonly found in infants. The surrounding skin appears slightly erythematous, and there is no significant inflammation or scaling observed.",dermatitis,face,Erythematous patches with greasy scale on the face of an infant with seborrheic dermatitis.
FALSE,"edu/Habif, Thomas P. - Clinical Dermatology (5th ed.)  -Elsevier Health Sciences-¨å_2_00017_04888.png",Psoriasis,Hands,"The image shows the hands with visible red, scaly patches on the skin, which are characteristic of psoriasis. The affected areas appear thickened and have a silvery-white scale, commonly found in psoriatic plaques. The distribution of the lesions is widespread across the palms and fingers, indicating a chronic inflammatory condition.",cradle cap,No body location information,"The involved palm is thickened, very dry, and scaly. The patient is often unaware of the infection and feels that these changes are secondary to dry skin or hard physical labor."
FALSE,youtube/ZfpA_Vc0f60_frame_59_0_0.jpg,Actinic Keratosis,Lip,"The image shows a rough, scaly patch on the lower lip, characteristic of actinic keratosis. The lesion appears as a thickened, crusty area with irregular borders and a slightly raised texture. The surrounding skin may exhibit signs of sun damage, such as fine lines and discoloration.",contact dermatitis,lips,"This image depicts dark lips as a symptom of allergic contact dermatitis, a skin condition caused by an allergic reaction to a substance that comes into contact with the skin."
FALSE,youtube/wFwNjR0Rogc_frame_132227_0.jpg,Rosacea,Face,"The image shows a red, inflamed area on the skin, indicative of rosacea. The skin appears to have a diffuse erythema with some visible telangiectasia, which are small, visible blood vessels. There are no distinct lesions or pustules, but the overall redness and texture suggest chronic inflammation typical of rosacea.",no definitive diagnosis,"eye, nose","This image shows a dermatologist discussing various skin conditions with a patient. The patient has a skin disease that appears as large, white, cicatricial patches on the skin, mainly located on the nose. The dermatologist considers various options for the diagnosis, including actinic keratosis, lichen sclerosus, granulomatous inflammation, sarcoidosis, tuberculosis, lymphoma, and demodex. The dermatologist also mentions that the patient has good health and there are no comedonal eye openings, which is a clue that it may not be lichen sclerosus. The treatment options for this skin disease include topical treatments and, in some cases, surgery."
FALSE,youtube/fmL_3Mt08GQ_frame_13703_0.jpg,Seborrheic Keratosis,Arm,"The image shows a single, well-demarcated, pigmented lesion on the arm. The lesion appears to be slightly raised with a rough, waxy surface, characteristic of seborrheic keratosis. The color ranges from light brown to dark brown, and the lesion is round in shape. The surrounding skin appears normal without any signs of inflammation or irritation.",cutaneous t-cell lymphoma (mf),"breasts, abdomen, buttocks","This image describes the clinical presentation of MF in children, which can be misleading and cause delays in diagnosis. It presents as patches and plaque on unexposed areas such as the breast, lower abdomen, and buttocks, but in 45% of cases, it appears as whitish, hypopigmented lesions."
FALSE,"note/Klaus Wolff, Lowell Goldsmith, Stephen Katz, Barbara Gilchrest, Amy Paller, D-¨å_5_00345_16576_1.png",Rosacea,Face,"The image shows erythematous, inflamed skin with visible telangiectasia and possible papules, characteristic of rosacea. The affected area appears to be around the nose and cheeks, with a noticeable redness and texture changes indicative of chronic inflammation.",no definitive diagnosis,No body location information,"After excision, the defect appears."
FALSE,pubmed/6b_ac_PMC5808376_dp0801a14g003_2.png,Rosacea,Face,"The image shows a skin condition characterized by erythema and visible blood vessels, indicative of rosacea. There are areas of diffuse redness and some small, raised bumps, which are common in this condition. The presence of telangiectasia, or dilated blood vessels, is also notable.","lentigo, lentigo maligna",No body location information,Dermoscopy of the four most recent lesions of lentigo maligna.